{"cameraMode":{"drawMode":0,"name":"Shaded","section":"Shading Mode"},"sceneLighting":false,"audioPlay":false,"sceneViewState":{"m_AlwaysRefresh":false,"showFog":true,"showSkybox":false,"showFlares":true,"showImageEffects":true,"showParticleSystems":true,"showVisualEffectGraphs":true,"m_FxEnabled":true},"in2DMode":false,"pivot":{"x":0.04992544651031494,"y":1.459699273109436,"z":-0.15006721019744874},"rotation":{"x":-0.2784493565559387,"y":0.21129855513572694,"z":-0.06298725306987763,"w":-0.9348428249359131},"size":4.047690391540527,"orthographic":false}